deployment_index,point_id,repetition,condition,decode_context_min,decode_context_max,generation_growth_coverage_required,cross_session_calibration,calibration_session_count,complete_20_request_pair,complete_cumulative_pair_available,break_even_request,candidate_foreground_metadata_count,candidate_actual_prompt_min,candidate_actual_prompt_max,candidate_actual_decode_context_max,candidate_out_of_domain_prompt_count,candidate_generation_growth_out_of_domain_count,candidate_supported_prefix_requests,candidate_first_uncomputable_j,candidate_first_uncomputable_reason,limit_foreground_metadata_count,limit_actual_prompt_min,limit_actual_prompt_max,limit_actual_decode_context_max,limit_out_of_domain_prompt_count,limit_generation_growth_out_of_domain_count,limit_supported_prefix_requests,limit_first_uncomputable_j,limit_first_uncomputable_reason
0,glm-b001-coq-block-bound-64k,0,S,2048,81664,True,True,2,True,True,not_repaid,20,7447,34576,35411,0,0,20,,complete_supported_20,20,39403,66532,67367,0,0,20,,complete_supported_20
0,glm-b001-coq-block-bound-64k,0,K,2048,81664,True,True,2,True,True,not_repaid,20,12090,39219,40054,0,0,20,,complete_supported_20,20,39403,66532,67367,0,0,20,,complete_supported_20
0,glm-b001-coq-block-bound-64k,1,S,2048,81664,True,True,2,True,True,not_repaid,20,7447,34576,35411,0,0,20,,complete_supported_20,20,39403,66532,67367,0,0,20,,complete_supported_20
0,glm-b001-coq-block-bound-64k,1,K,2048,81664,True,True,2,True,True,not_repaid,20,12090,39219,40054,0,0,20,,complete_supported_20,20,39403,66532,67367,0,0,20,,complete_supported_20
0,glm-b001-coq-block-bound-64k,2,S,2048,81664,True,True,2,True,True,not_repaid,20,7447,34576,35411,0,0,20,,complete_supported_20,20,39403,66532,67367,0,0,20,,complete_supported_20
0,glm-b001-coq-block-bound-64k,2,K,2048,81664,True,True,2,True,True,not_repaid,20,12090,39219,40054,0,0,20,,complete_supported_20,20,39403,66532,67367,0,0,20,,complete_supported_20
0,glm-b001-retro-console-soc-64k,0,S,2048,81664,True,True,2,True,True,13,20,6231,47222,47246,0,0,20,,complete_supported_20,20,31121,72112,72136,0,0,20,,complete_supported_20
0,glm-b001-retro-console-soc-64k,0,K,2048,81664,True,True,2,True,True,not_repaid,20,10212,51203,51227,0,0,20,,complete_supported_20,20,31121,72112,72136,0,0,20,,complete_supported_20
0,glm-b001-retro-console-soc-64k,1,S,2048,81664,True,True,2,True,True,13,20,6231,47222,47246,0,0,20,,complete_supported_20,20,31121,72112,72136,0,0,20,,complete_supported_20
0,glm-b001-retro-console-soc-64k,1,K,2048,81664,True,True,2,True,True,not_repaid,20,10212,51203,51227,0,0,20,,complete_supported_20,20,31121,72112,72136,0,0,20,,complete_supported_20
0,glm-b001-retro-console-soc-64k,2,S,2048,81664,True,True,2,True,True,13,20,6231,47222,47246,0,0,20,,complete_supported_20,20,31121,72112,72136,0,0,20,,complete_supported_20
0,glm-b001-retro-console-soc-64k,2,K,2048,81664,True,True,2,True,True,not_repaid,20,10212,51203,51227,0,0,20,,complete_supported_20,20,31121,72112,72136,0,0,20,,complete_supported_20
